name,x1,y1,z1,x2,y2,z2
at s1 left lever,94,122,111,96,124,113
at s1 right lever,106,122,111,108,123,112
at s1 right path,104,121,102,106,122,104
at s1 t1,109,113,72,111,114,75
at s1 t2,109,119,79,111,120,81
at s1 t3,90,112,92,93,113,94
at s1 t4,90,122,100,93,123,102
at ss,107,120,93,109,121,95
at s2 high path,33,131,138,35,132,140
at s2 left lever,22,131,137,25,135,140
at s2 mid high,46,125,133,48,126,134
at s2 mid low,57,110,130,59,111,132
at s2 right lever,26,123,126,29,127,129
at s2 t1,68,109,122,70,110,124
at s2 t2,59,120,124,61,121,126
at s2 t3,46,109,122,48,110,124
at s2 t4,38,109,139,40,110,141
at s2 t5,39,124,125,41,125,127
at ee2,59,132,138,62,136,140
at s3 left lever,4,120,54,6,124,57
at s3 right lever,13,121,54,16,123,57
at s3 t1,-1,109,111,1,110,113
at s3 t2,0,119,92,2,120,95
at s3 t3,18,121,91,19,124,94
at s3 t4,0,109,76,2,110,79
at arrows,-1,117,79,1,118,80
at ee3,1,109,104,3,110,106
at s4 left lever,84,125,44,88,131,48
at s4 right lever,83,120,35,86,123,38
at s4 t1,40,108,32,42,111,34
at s4 t2,43,121,30,45,123,32
at s4 t3,66,109,32,68,111,34
at s4 t4,71,115,46,74,117,48
at ee4,53,115,50,56,116,52
in core,34,114,55,72,146,62
