run,k,n_offset,section_in_progress,goldor_segment,x,y,z,hit
11:45,1,59,1,4,96.58,120.17,72.84,0
11:45,2,119,1,4,99.27,115.06,45.26,0
11:45,3,179,1,4,101.65,115.06,49.56,0
11:45,4,239,1,4,100.17,115.06,51.83,0
11:45,5,299,1,4,97.50,121.04,112.99,0
11:45,6,359,1,4,95.30,121.00,121.62,0
11:45,7,419,1,1,94.70,115.00,146.70,0
11:45,8,479,1,1,94.47,115.00,145.28,1
11:45,9,539,1,1,100.86,115.00,146.30,0
11:45,10,599,1,1,106.80,115.00,146.70,0
11:45,11,659,1,1,114.70,115.00,146.70,0
11:45,12,719,1,1,114.30,115.00,145.52,0
11:45,13,779,1,1,113.30,115.00,145.53,1
11:45,14,839,1,1,114.57,115.00,139.25,0
11:45,15,899,1,1,114.51,115.00,124.08,0
11:45,16,959,1,1,114.70,115.00,117.47,0
11:45,17,1019,1,1,114.47,115.00,115.74,0
11:45,18,1079,1,1,114.68,115.00,108.96,0
11:45,19,1139,1,1,114.52,115.00,97.39,0
11:45,20,1199,1,1,114.30,115.00,90.04,0
11:45,21,1259,1,1,105.56,113.00,84.84,0
11:45,22,1319,1,1,105.84,120.82,78.44,0
11:45,23,1379,1,1,107.60,120.00,85.72,0
11:45,24,1439,1,1,107.11,120.00,86.68,0
11:45,25,1499,1,1,107.11,120.00,86.68,0
11:45,26,1559,1,1,107.11,120.00,86.68,0
11:45,27,1619,1,1,107.11,120.00,86.68,0
11:45,28,1679,1,1,105.63,121.18,103.37,0
11:45,29,1739,1,1,95.30,122.24,121.70,0
11:45,30,1799,1,1,95.30,121.00,121.70,0
11:45,31,1859,1,1,96.21,119.85,116.00,0
11:45,32,1919,1,1,99.73,112.00,101.59,0
11:45,33,1979,1,1,94.07,122.37,100.61,0
11:45,34,2039,1,1,104.84,118.35,116.98,0
11:45,35,2099,1,1,108.68,116.00,121.70,0
11:45,36,2159,1,1,108.68,116.00,121.70,0
11:45,37,2219,1,1,108.68,116.00,121.70,0
11:45,38,2279,1,2,108.68,116.00,121.70,0
11:45,39,2339,1,2,108.68,116.00,121.70,0
11:45,40,2399,1,2,108.68,116.00,121.70,0
11:45,41,2459,1,2,108.68,116.00,121.70,0
11:45,42,2519,1,2,108.68,116.00,121.70,0
11:45,43,2579,1,2,108.68,116.00,121.70,0
11:45,44,2639,1,2,108.68,116.00,121.70,0
11:45,45,2699,1,2,106.41,113.00,118.79,1
11:45,46,2759,1,2,108.70,116.00,121.70,0
11:45,47,2819,1,2,115.12,116.00,121.70,0
11:45,48,2879,1,2,115.54,116.00,121.70,0
11:45,49,2939,1,2,115.37,116.00,120.30,0
11:45,50,2999,1,2,114.30,116.00,120.43,0
11:45,51,3059,1,2,113.30,116.00,119.54,1
11:45,52,3119,1,2,114.70,116.00,119.94,0
11:45,53,3179,1,2,115.70,116.00,128.70,0
11:45,54,3239,1,2,115.70,116.00,127.30,0
11:45,55,3299,1,2,115.70,116.00,120.74,0
11:45,56,3359,1,2,115.70,116.00,116.30,0
11:45,57,3419,1,2,115.70,116.00,117.05,0
11:45,58,3479,1,2,115.70,116.00,118.70,0
11:45,59,3539,1,2,115.57,116.00,123.70,0
11:45,60,3599,1,2,115.70,116.00,122.77,0
11:45,61,3659,1,2,115.70,116.00,121.30,0
11:45,62,3719,1,3,108.05,116.00,121.57,0
11:45,63,3779,1,3,117.70,116.00,121.66,0
11:45,64,3839,1,3,116.72,116.00,121.70,0
11:45,65,3899,1,3,115.73,116.00,121.64,0
11:45,66,3959,1,3,107.73,116.00,121.47,0
11:45,67,4019,1,3,93.30,115.75,121.70,0
11:45,68,4079,1,3,90.66,116.00,121.70,0
11:45,69,4139,1,3,86.30,116.00,116.30,0
11:45,70,4199,1,3,87.30,116.00,116.62,0
11:45,71,4259,1,3,88.55,116.00,116.65,0
11:45,72,4319,1,3,89.44,116.00,116.70,0
11:45,73,4379,1,3,90.30,116.00,116.70,1
11:45,74,4439,1,3,87.30,116.00,116.31,0
11:45,75,4499,1,3,85.96,116.00,118.79,0
11:45,76,4559,1,3,86.34,116.00,107.89,0
11:45,77,4619,1,3,86.43,116.00,98.27,0
11:45,78,4679,1,3,86.47,116.00,88.17,0
11:45,79,4739,1,3,86.47,116.00,81.87,0
11:45,80,4799,1,3,86.46,116.00,79.02,0
11:45,81,4859,1,3,86.55,116.00,61.24,0
11:45,82,4919,1,3,86.30,116.00,53.15,0
11:45,83,4979,1,3,87.76,116.00,53.58,0
11:45,84,5039,1,3,88.70,116.00,53.30,0
11:45,85,5099,1,3,88.30,114.00,52.30,0
11:45,86,5159,1,3,88.30,113.00,57.70,0
11:45,87,5219,1,3,88.30,113.00,56.98,0
11:45,88,5279,1,4,108.79,108.31,52.68,1
11:45,89,5339,1,4,115.70,117.00,51.61,0
11:45,90,5399,1,4,115.30,117.00,46.64,0
11:45,91,5459,1,4,115.67,117.00,35.35,0
11:45,92,5519,1,4,115.51,117.00,28.61,0
11:45,93,5579,1,4,115.49,117.00,25.30,0
11:45,94,5639,1,4,115.54,117.00,25.30,0
11:45,95,5699,1,4,115.54,117.00,25.30,0
11:45,96,5759,1,4,115.70,117.00,25.79,0
11:45,97,5819,1,4,115.70,117.00,27.70,0
11:45,98,5879,1,4,115.70,117.00,27.70,0
11:45,99,5939,1,4,115.70,117.00,27.70,0
11:45,100,5999,1,4,114.30,117.00,27.70,0
11:45,101,6059,1,4,114.30,117.00,27.70,0
11:45,102,6119,1,4,113.30,117.00,27.70,1
11:45,103,6179,1,4,114.70,117.00,27.30,0
11:45,104,6239,1,4,114.70,117.00,26.30,0
11:45,105,6299,1,4,114.70,117.00,26.30,0
11:45,106,6359,1,4,114.70,117.00,28.70,0
11:45,107,6419,1,4,114.55,117.00,35.97,0
11:45,108,6479,1,4,114.40,117.00,51.35,0
11:45,109,6539,1,4,114.30,117.00,47.30,0
11:45,110,6599,1,4,114.30,117.00,43.13,0
11:45,111,6659,1,4,114.52,117.00,38.28,0
11:45,112,6719,1,4,114.30,117.00,26.33,0
11:45,113,6779,1,1,114.51,117.00,27.49,0
11:45,114,6839,1,1,114.51,117.00,27.49,0
11:45,115,6899,1,1,105.06,115.41,37.73,0
11:45,116,6959,1,1,105.30,115.50,40.00,0
11:45,117,7019,1,1,99.52,113.00,39.16,0
11:45,118,7079,1,1,93.49,112.99,60.70,0
11:45,119,7139,1,1,94.28,106.00,66.77,0
11:45,120,7199,1,1,94.35,120.16,77.10,0
11:45,121,7259,1,1,98.00,111.27,108.37,0
11:45,122,7319,1,1,93.53,123.48,115.08,0
11:45,123,7379,1,1,90.66,121.00,118.04,0
11:45,124,7439,1,1,90.30,121.00,121.36,0
11:45,125,7499,1,1,81.27,111.31,122.30,1
11:45,126,7559,1,1,79.28,105.00,121.30,0
11:45,127,7619,1,1,73.70,108.00,120.68,0
11:45,128,7679,1,1,72.45,108.00,120.87,0
11:45,129,7739,1,1,69.30,108.00,121.35,0
11:45,130,7799,1,1,69.30,108.00,121.97,0
11:45,131,7859,1,1,69.30,108.00,121.99,0
11:45,132,7919,1,1,69.30,107.75,120.30,0
11:45,133,7979,1,1,57.75,108.00,120.50,0
11:45,134,8039,1,1,48.18,108.00,120.49,0
11:45,135,8099,1,1,36.43,108.00,120.45,0
11:45,136,8159,1,1,27.34,108.00,120.49,0
11:45,137,8219,1,1,21.64,108.00,120.58,0
11:45,138,8279,1,1,20.63,108.00,116.62,0
11:45,139,8339,1,1,20.63,108.00,116.62,0
11:45,140,8399,1,2,20.70,108.00,116.65,0
11:45,141,8459,1,2,20.70,108.00,116.65,0
11:45,142,8519,1,2,18.70,106.41,116.35,0
11:45,143,8579,1,2,18.45,124.00,112.86,0
11:45,144,8639,1,2,18.70,125.00,106.70,0
11:45,145,8699,1,2,17.70,125.00,106.64,1
11:45,146,8759,1,2,18.70,125.00,106.65,0
11:45,147,8819,1,2,18.69,122.67,91.30,0
11:45,148,8879,1,2,18.54,122.75,77.63,0
11:45,149,8939,1,2,18.57,111.69,56.30,0
11:45,150,8999,1,2,18.70,118.00,52.28,0
11:45,151,9059,1,2,25.30,118.97,50.70,0
11:45,152,9119,1,2,28.10,121.00,50.58,0
11:45,153,9179,1,2,27.60,121.00,49.70,1
11:45,154,9239,1,2,34.98,121.00,50.33,0
11:45,155,9299,1,2,44.20,123.50,50.60,0
11:45,156,9359,1,2,55.30,125.75,50.50,0
11:45,157,9419,1,2,67.59,122.54,50.65,0
11:45,158,9479,1,2,76.70,116.00,50.68,0
11:45,159,9539,1,2,82.95,120.70,50.70,0
11:45,160,9599,1,2,89.32,114.00,50.70,0
11:45,161,9659,1,2,89.30,115.00,51.70,0
11:45,162,9719,1,2,92.70,115.00,52.30,1
11:45,163,9779,1,2,28.39,162.00,130.76,0
11:45,164,9839,1,2,37.70,162.80,142.70,0
11:59,1,59,1,,95.77,121.12,80.19,0
11:59,2,119,1,,100.21,113.16,101.94,0
11:59,3,179,1,,94.96,133.02,113.70,0
11:59,4,239,1,,111.70,121.00,121.66,0
11:59,5,299,1,,114.70,121.00,121.30,0
11:59,6,359,1,,114.70,121.00,135.70,0
11:59,7,419,1,,114.70,121.00,138.02,0
11:59,8,479,1,,114.54,121.00,146.64,0
11:59,9,539,1,,112.79,121.00,146.70,0
11:59,10,599,1,,112.30,121.00,145.30,1
11:59,11,659,1,,96.60,121.00,146.70,0
11:59,12,719,1,,89.95,121.00,146.55,0
11:59,13,779,1,,78.99,121.00,146.55,0
11:59,14,839,1,,76.32,121.00,146.62,0
11:59,15,899,1,,62.72,121.00,146.54,0
11:59,16,959,1,,55.30,120.00,146.70,0
11:59,17,1019,1,,45.99,121.00,146.52,0
11:59,18,1079,1,,38.00,121.00,146.44,0
11:59,19,1139,1,,28.44,121.00,146.43,0
11:59,20,1199,1,,17.45,121.00,146.57,0
11:59,21,1259,1,,9.03,121.00,146.70,0
11:59,22,1319,1,,4.29,121.00,146.36,0
11:59,23,1379,1,,4.70,121.00,145.30,1
11:59,24,1439,1,,-4.70,121.00,146.35,0
11:59,25,1499,1,,-4.70,121.00,144.11,1
11:59,26,1559,1,,-4.70,121.00,146.70,0
11:59,27,1619,1,,-6.70,121.00,145.70,0
11:59,28,1679,1,,-6.70,121.00,145.70,0
11:59,29,1739,1,,-6.70,121.00,145.70,0
11:59,30,1799,1,,-6.70,121.00,145.70,0
12:14,1,59,1,4,95.15,119.12,79.57,0
12:14,2,119,1,4,96.75,112.70,118.63,0
12:14,3,179,1,4,91.30,140.97,119.33,0
12:14,4,239,1,4,91.01,144.50,119.62,0
12:14,5,299,1,4,90.30,145.00,121.04,0
12:14,6,359,1,1,90.30,146.00,122.18,0
12:14,7,419,1,1,87.30,147.42,121.32,0
12:14,8,479,1,1,86.30,148.00,121.46,0
12:14,9,539,1,1,85.30,149.05,121.48,0
12:14,10,599,1,1,82.30,151.00,121.54,0
12:14,11,659,1,1,81.89,152.00,121.32,0
12:14,12,719,1,1,81.89,152.00,121.32,0
12:14,13,779,1,1,77.30,154.00,121.64,0
12:14,14,839,1,1,77.30,154.00,121.64,0
12:14,15,899,1,1,76.30,155.00,121.47,0
12:14,16,959,1,1,76.53,155.00,123.00,0
12:14,17,1019,1,1,76.55,154.00,124.70,0
12:14,18,1079,1,1,76.30,153.00,124.70,0
12:14,19,1139,1,1,76.30,152.00,124.70,0
12:14,20,1199,1,1,76.37,151.00,125.30,0
12:14,21,1259,1,1,73.30,151.00,126.70,0
12:14,22,1319,1,1,71.30,149.42,127.70,0
12:14,23,1379,1,1,71.30,149.00,128.30,0
12:14,24,1439,1,1,71.30,148.00,128.30,0
12:14,25,1499,1,1,71.30,146.00,128.30,0
12:14,26,1559,1,1,71.70,146.00,129.64,0
12:14,27,1619,1,1,69.30,145.00,131.52,1
12:14,28,1679,1,1,71.41,146.00,131.30,0
12:14,29,1739,1,1,64.84,146.00,132.54,0
12:14,30,1799,1,1,57.30,146.00,132.48,0
12:14,31,1859,1,1,54.30,146.00,132.57,0
12:14,32,1919,1,2,51.01,146.00,132.63,0
12:14,33,1979,1,2,48.30,146.00,132.70,0
12:14,34,2039,1,2,40.92,146.00,132.59,0
12:14,35,2099,1,2,35.77,146.00,132.30,0
12:14,36,2159,1,2,35.44,147.00,129.36,0
12:14,37,2219,1,2,35.70,147.00,127.53,0
12:14,38,2279,1,2,35.66,147.00,124.65,0
12:14,39,2339,1,2,35.70,147.00,123.35,0
12:14,40,2399,1,2,29.80,147.50,123.38,0
12:14,41,2459,1,2,25.44,147.00,123.30,0
12:14,42,2519,1,2,25.70,147.00,122.30,0
12:14,43,2579,1,2,25.23,147.00,122.55,0
12:14,44,2639,1,2,21.56,147.00,121.45,0
12:14,45,2699,1,2,18.29,147.00,121.48,0
12:14,46,2759,1,2,16.33,147.00,121.51,0
12:14,47,2819,1,2,14.78,147.00,121.54,0
12:14,48,2879,1,2,13.70,147.00,122.42,0
12:14,49,2939,1,2,13.70,147.00,122.58,0
12:14,50,2999,1,2,12.69,149.02,122.85,0
12:14,51,3059,1,2,11.87,149.00,123.70,0
12:14,52,3119,1,2,10.30,150.00,122.30,0
12:14,53,3179,1,2,10.30,150.00,121.41,0
12:14,54,3239,1,2,6.30,151.00,121.29,0
12:14,55,3299,1,2,5.30,151.00,121.61,0
12:14,56,3359,1,2,1.30,150.00,121.66,0
12:14,57,3419,1,3,0.30,149.00,121.31,0
12:14,58,3479,1,3,-0.61,149.00,120.30,0
12:14,59,3539,1,3,-0.07,149.00,121.25,0
12:14,60,3599,1,3,-0.57,149.00,124.65,0
12:14,61,3659,1,3,-0.30,148.77,124.70,0
12:14,62,3719,1,3,-0.30,147.00,125.70,0
12:14,63,3779,1,3,-0.27,149.00,121.49,0
12:14,64,3839,1,3,0.05,149.00,121.70,0
12:14,65,3899,1,3,0.05,149.00,121.70,0
12:14,66,3959,1,3,0.05,149.00,121.70,0
12:14,67,4019,1,3,-0.70,149.00,121.70,0
12:14,68,4079,1,3,-2.30,149.00,121.30,0
12:14,69,4139,1,3,-5.01,147.00,121.30,0
12:14,70,4199,1,3,-6.43,146.00,121.70,0
12:14,71,4259,1,3,-5.16,146.00,121.70,0
12:14,72,4319,1,3,-4.30,146.00,121.63,0
12:14,73,4379,1,3,-3.30,146.00,121.37,0
12:14,74,4439,1,3,-3.30,146.00,121.37,0
12:14,75,4499,1,3,-6.70,145.00,121.70,0
12:14,76,4559,1,3,-5.54,145.00,121.70,1
12:14,77,4619,1,3,-6.70,145.00,121.63,0
12:14,78,4679,1,3,-4.30,146.00,119.30,0
12:14,79,4739,1,3,-3.37,146.00,118.30,0
12:14,80,4799,1,3,-3.40,146.00,116.75,0
12:14,81,4859,1,3,-3.40,146.00,116.75,0
12:14,82,4919,1,3,-3.46,146.00,115.59,0
12:14,83,4979,1,3,-3.70,146.00,107.30,0
12:14,84,5039,1,3,-3.70,146.00,103.81,0
12:14,85,5099,1,4,-3.70,146.00,100.30,0
12:14,86,5159,1,4,-3.57,146.00,97.24,0
12:14,87,5219,1,4,-3.56,146.00,96.35,0
12:14,88,5279,1,4,-3.55,146.00,92.30,0
12:14,89,5339,1,4,-3.50,146.00,89.53,0
12:14,90,5399,1,4,-3.58,146.00,85.30,0
12:14,91,5459,1,4,-3.51,146.00,81.30,0
12:14,92,5519,1,4,-3.51,146.00,81.30,0
12:14,93,5579,1,4,-3.51,146.00,81.30,0
12:14,94,5639,1,4,-3.48,146.00,79.62,0
12:14,95,5699,1,4,-3.64,146.00,72.90,0
12:14,96,5759,1,4,-3.55,146.00,63.21,0
12:14,97,5819,1,4,-3.48,146.00,59.81,0
12:14,98,5879,1,4,-5.52,146.00,58.05,0
12:14,99,5939,1,4,-5.59,146.00,53.06,0
12:14,100,5999,1,4,-6.30,146.00,47.30,0
12:14,101,6059,1,4,-5.49,146.00,46.30,0
12:14,102,6119,1,4,-5.61,146.00,38.30,0
12:14,103,6179,1,4,-5.69,146.00,33.35,0
12:14,104,6239,1,4,-5.67,146.00,26.30,0
12:14,105,6299,1,4,-5.67,145.00,26.30,1
12:14,106,6359,1,4,-4.30,146.00,25.30,0
12:14,107,6419,1,4,-4.30,146.00,25.30,0
12:14,108,6479,1,4,-4.30,145.00,26.62,1
12:14,109,6539,1,4,-1.73,146.00,25.30,0
12:14,110,6599,1,1,9.05,146.00,25.46,0
12:14,111,6659,1,1,14.99,146.00,25.40,0
12:14,112,6719,1,1,22.70,146.00,25.36,0
12:14,113,6779,1,1,29.70,146.00,25.30,0
12:14,114,6839,1,1,33.70,146.00,25.31,0
12:14,115,6899,1,1,33.70,146.00,25.31,0
12:14,116,6959,1,1,44.74,146.00,25.40,0
12:14,117,7019,1,1,52.70,146.00,25.36,0
12:14,118,7079,1,1,57.70,146.00,25.32,0
12:14,119,7139,1,1,63.20,146.00,25.31,0
12:14,120,7199,1,1,70.70,146.00,25.30,0
12:14,121,7259,1,1,76.72,146.00,25.30,0
12:14,122,7319,1,1,77.70,146.00,26.59,0
12:14,123,7379,1,1,77.30,146.00,27.70,0
12:14,124,7439,1,1,77.34,146.00,28.70,0
12:14,125,7499,1,1,78.26,146.00,31.91,0
12:14,126,7559,1,1,78.70,146.00,29.30,0
12:14,127,7619,1,1,78.70,145.00,25.30,0
12:14,128,7679,1,1,78.48,145.00,26.70,1
12:14,129,7739,1,1,78.30,145.00,25.30,0
12:14,130,7799,1,1,88.22,145.00,25.30,0
12:14,131,7859,1,1,93.26,145.00,25.30,0
12:14,132,7919,1,1,96.98,145.00,25.30,0
12:14,133,7979,1,1,104.70,145.00,25.30,0
12:14,134,8039,1,1,110.70,145.00,25.30,0
12:14,135,8099,1,2,115.70,145.00,25.30,0
12:14,136,8159,1,2,115.70,145.00,25.30,0
12:14,137,8219,1,2,115.70,145.00,25.30,0
12:14,138,8279,1,2,115.60,145.00,25.40,0
12:14,139,8339,1,2,115.62,145.00,25.60,0
12:14,140,8399,1,2,115.70,145.00,28.30,0
12:14,141,8459,1,2,115.70,145.00,26.97,0
12:14,142,8519,1,2,115.70,145.00,27.70,0
12:14,143,8579,1,2,114.30,145.00,27.69,0
12:14,144,8639,1,2,114.30,145.00,27.69,0
12:14,145,8699,1,2,113.30,145.00,28.70,1
12:14,146,8759,1,2,114.70,145.00,25.30,0
12:14,147,8819,1,2,113.60,145.00,25.30,0
12:14,148,8879,1,2,112.30,145.00,25.30,0
12:14,149,8939,1,2,112.41,145.00,26.59,1
12:14,150,8999,1,2,114.70,145.00,25.52,0
12:14,151,9059,1,2,114.70,145.00,25.52,0
12:14,152,9119,1,2,116.01,145.00,28.70,0
12:14,153,9179,1,2,115.70,145.00,36.70,0
12:14,154,9239,1,2,115.30,146.00,42.63,0
12:14,155,9299,1,2,110.79,146.00,42.60,0
12:14,156,9359,1,2,109.41,146.00,46.70,0
12:14,157,9419,1,2,105.70,146.00,46.11,0
12:14,158,9479,1,2,106.70,146.00,47.78,0
12:14,159,9539,1,2,105.24,148.00,49.08,0
12:14,160,9599,1,3,101.77,151.00,49.67,0
12:14,161,9659,1,3,95.30,151.00,49.30,0
12:14,162,9719,1,3,92.70,151.00,49.54,0
12:14,163,9779,1,3,90.09,149.00,49.69,0
12:14,164,9839,1,3,89.30,149.00,52.30,0
12:14,165,9899,1,3,89.70,147.00,54.70,0
12:14,166,9959,1,3,88.30,143.00,57.70,0
12:14,167,10019,1,3,88.30,143.00,57.70,0
12:14,168,10079,1,3,88.30,143.00,57.70,0
12:14,169,10139,1,3,88.30,143.00,57.70,0
12:14,170,10199,1,3,89.58,143.00,57.55,0
12:14,171,10259,1,3,90.62,143.00,57.73,1
12:14,172,10319,1,3,89.34,143.00,57.30,0
12:14,173,10379,1,3,89.34,121.85,57.30,0
12:14,174,10439,1,3,89.34,112.00,57.30,0
12:14,175,10499,1,3,89.34,105.00,57.30,0
12:14,176,10559,1,3,89.30,105.00,62.54,0
12:14,177,10619,1,3,88.56,105.00,68.64,0
12:14,178,10679,1,3,88.61,105.00,74.70,0
12:14,179,10739,1,3,88.39,105.00,79.70,0
12:14,180,10799,1,3,88.51,105.00,85.64,0
12:14,181,10859,1,3,88.50,105.00,91.70,0
12:14,182,10919,1,3,88.48,105.00,95.22,0
12:14,183,10979,1,3,88.43,105.00,103.64,0
12:14,184,11039,1,3,88.64,105.00,110.09,0
12:14,185,11099,1,3,88.70,105.00,115.95,0
12:14,186,11159,1,4,88.70,105.00,120.70,0
12:14,187,11219,1,4,82.11,105.00,120.70,0
12:14,188,11279,1,4,75.18,105.00,120.69,0
12:14,189,11339,1,4,72.05,105.00,120.51,0
12:14,190,11399,1,4,64.30,105.00,120.70,0
12:14,191,11459,1,4,64.46,105.00,115.19,0
12:14,192,11519,1,4,64.41,105.00,113.30,0
12:14,193,11579,1,4,59.70,105.00,114.70,0
12:14,194,11639,1,4,58.51,105.00,119.70,0
12:14,195,11699,1,4,56.30,104.00,120.30,0
12:14,196,11759,1,4,55.09,104.00,123.69,0
12:14,197,11819,1,4,54.59,104.00,127.63,0
12:14,198,11879,1,4,54.59,104.91,127.63,0
12:14,199,11939,1,4,54.59,120.55,127.63,1
12:14,200,11999,1,4,54.59,104.00,127.63,0
12:14,201,12059,1,4,54.59,104.00,127.63,0
12:14,202,12119,1,4,54.59,104.00,127.63,0
12:14,203,12179,1,4,54.30,104.00,127.70,0
12:14,204,12239,1,4,54.30,105.10,127.70,0
12:14,205,12299,1,4,53.60,105.27,127.30,0
12:14,206,12359,1,4,53.60,105.35,127.30,0
12:14,207,12419,1,4,53.60,106.05,127.30,1
12:14,208,12479,1,4,53.70,107.00,123.30,1
12:14,209,12539,1,4,53.70,106.77,123.30,1
12:14,210,12599,1,4,53.38,106.00,123.70,1
12:14,211,12659,1,1,52.14,110.27,136.04,0
12:14,212,12719,1,1,53.15,109.00,131.10,0
12:14,213,12779,1,1,52.61,105.88,123.71,0
12:14,214,12839,1,1,52.61,105.00,123.71,0
12:14,215,12899,1,1,53.24,105.00,123.30,0
12:14,216,12959,1,1,52.70,105.00,118.26,0
12:14,217,13019,1,1,53.67,110.00,113.20,0
12:14,218,13079,1,1,57.70,110.25,110.30,0
12:14,219,13139,1,1,54.28,114.00,86.40,0
12:14,220,13199,1,1,54.37,115.06,50.51,0
12:14,221,13259,1,1,54.34,115.00,49.22,1
12:14,222,13319,1,1,54.17,115.00,52.46,0
12:14,223,13379,1,1,54.17,115.00,52.46,0
12:14,224,13439,1,1,54.17,115.00,52.46,0
12:14,225,13499,1,1,54.50,115.00,30.30,1
12:14,226,13559,1,1,29.64,162.00,139.83,0
